{"lista":[{"nome":"Gabriel C. Rhoades","idade":20,"altura":150,"peso":55,"situacao":"PESO NORMAL"},{"nome":"Marcos Alves Santos","idade":25,"altura":155,"peso":60,"situacao":"PESO NORMAL"},{"nome":"Douglas Castro Carvalho","idade":19,"altura":160,"peso":54,"situacao":"PESO NORMAL"},{"nome":"Fernando Ferreira Pereira","idade":30,"altura":165,"peso":70,"situacao":"PESO NORMAL"},{"nome":"Arthur Pinto Barros","idade":50,"altura":170,"peso":80,"situacao":"PESO NORMAL"},{"nome":"Jo\ufffdo Santos Araujo","idade":23,"altura":175,"peso":69,"situacao":"PESO NORMAL"},{"nome":"Davi Fernandes Almeida","idade":25,"altura":180,"peso":90,"situacao":"PESO NORMAL"},{"nome":"Breno Carvalho Alves","idade":34,"altura":185,"peso":75,"situacao":"PESO NORMAL"},{"nome":"Arthur Silva Carvalho","idade":48,"altura":190,"peso":98,"situacao":"PESO NORMAL"},{"nome":"Rodrigo Cavalcanti Rocha","idade":17,"altura":195,"peso":86,"situacao":"PESO NORMAL"},{"nome":"Enzo Cavalcanti Pinto","idade":19,"altura":200,"peso":94,"situacao":"PESO NORMAL"},{"nome":"Marcos Sousa Rocha","idade":26,"altura":150,"peso":57,"situacao":"PESO NORMAL"},{"nome":"Estevan Almeida Carvalho","idade":31,"altura":155,"peso":55,"situacao":"PESO NORMAL"},{"nome":"Kau\ufffd Pereira Goncalves","idade":42,"altura":160,"peso":64,"situacao":"PESO NORMAL"},{"nome":"Murilo Santos Araujo","idade":30,"altura":175,"peso":75,"situacao":"PESO NORMAL"},{"nome":"Vinicius Gomes Castro","idade":12,"altura":180,"peso":80,"situacao":"PESO NORMAL"},{"nome":"Kai Alves Oliveira","idade":65,"altura":185,"peso":90,"situacao":"PESO NORMAL"},{"nome":"Nicolash Pereira Lima","idade":92,"altura":190,"peso":85,"situacao":"PESO NORMAL"},{"nome":"Eduardo Almeida Costa","idade":15,"altura":195,"peso":79,"situacao":"PESO NORMAL"},{"nome":"Felipe Santos Carvalho","idade":48,"altura":200,"peso":99,"situacao":"PESO NORMAL"},{"nome":"Victor Ferreira Barbosa","idade":75,"altura":150,"peso":62,"situacao":"PESO NORMAL"},{"nome":"Julian Azevedo Barbosa","idade":62,"altura":160,"peso":64,"situacao":"PESO NORMAL"},{"nome":"Mateus Ferreira Santos","idade":35,"altura":170,"peso":74,"situacao":"PESO NORMAL"},{"nome":"Kaua Cardoso Fernandes","idade":38,"altura":180,"peso":84,"situacao":"PESO NORMAL"},{"nome":"Vit\ufffdr Lima Carvalho","idade":19,"altura":190,"peso":89,"situacao":"PESO NORMAL"},{"nome":"Pedro Castro Melo","idade":48,"altura":200,"peso":110,"situacao":"PESO NORMAL"},{"nome":"Breno Rodrigues Azevedo","idade":45,"altura":162,"peso":56,"situacao":"PESO NORMAL"},{"nome":"Lu\ufffds Azevedo Ferreira","idade":25,"altura":168,"peso":60,"situacao":"PESO NORMAL"},{"nome":"Estevan Martins Almeida","idade":33,"altura":172,"peso":78,"situacao":"PESO NORMAL"},{"nome":"Matilde Cardoso Souza","idade":66,"altura":198,"peso":98,"situacao":"PESO NORMAL"},{"nome":"Eduardo Dias Gomes","idade":73,"altura":184,"peso":84,"situacao":"PESO NORMAL"},{"nome":"Kauan Pereira Araujo","idade":56,"altura":165,"peso":75,"situacao":"PESO NORMAL"},{"nome":"Luis Araujo Alves","idade":23,"altura":155,"peso":64,"situacao":"PESO NORMAL"},{"nome":"Ryan Cardoso Lima","idade":89,"altura":176,"peso":69,"situacao":"PESO NORMAL"},{"nome":"Beatriz Ribeiro Barros","idade":78,"altura":174,"peso":73,"situacao":"PESO NORMAL"},{"nome":"Mateus Castro Goncalves","idade":45,"altura":173,"peso":75,"situacao":"PESO NORMAL"},{"nome":"Rafael Barbosa Melo","idade":32,"altura":194,"peso":81,"situacao":"PESO NORMAL"},{"nome":"Luis Ferreira Oliveira","idade":98,"altura":185,"peso":90,"situacao":"PESO NORMAL"},{"nome":"Bruno Gomes Costa","idade":85,"altura":145,"peso":50,"situacao":"PESO NORMAL"},{"nome":"Leonardo Pinto Ribeiro","idade":63,"altura":167,"peso":71,"situacao":"PESO NORMAL"},{"nome":"Davi Pinto Cunha","idade":41,"altura":166,"peso":73,"situacao":"PESO NORMAL"},{"nome":"Emily Castro Barbosa","idade":25,"altura":173,"peso":65,"situacao":"PESO NORMAL"},{"nome":"Eduardo Castro Goncalves","idade":36,"altura":189,"peso":80,"situacao":"PESO NORMAL"},{"nome":"Danilo Goncalves Almeida","idade":74,"altura":193,"peso":78,"situacao":"PESO NORMAL"},{"nome":"Ant\ufffdnio Sousa Correia","idade":23,"altura":177,"peso":79,"situacao":"PESO NORMAL"},{"nome":"Joao Alves Goncalves","idade":23,"altura":192,"peso":89,"situacao":"PESO NORMAL"},{"nome":"Igor Pinto Goncalves","idade":45,"altura":164,"peso":69,"situacao":"PESO NORMAL"},{"nome":"Marcos Souza Ribeiro","idade":51,"altura":158,"peso":61,"situacao":"PESO NORMAL"},{"nome":"Nicole Gomes Fernandes","idade":66,"altura":194,"peso":100,"situacao":"PESO NORMAL"},{"nome":"Enzo Gomes Rodrigues","idade":33,"altura":149,"peso":60,"situacao":"PESO NORMAL"},{"nome":"Gabriel Pinto Cardoso","idade":25,"altura":178,"peso":78,"situacao":"PESO NORMAL"},{"nome":"Felipe Renato Julio Gomes","idade":36,"altura":150,"peso":65,"situacao":"ACIMA DO PESO"},{"nome":"Julio Tom\ufffds Kevin Castro","idade":19,"altura":155,"peso":73,"situacao":"ACIMA DO PESO"},{"nome":"Caio Yuri Carvalho","idade":20,"altura":160,"peso":75,"situacao":"ACIMA DO PESO"},{"nome":"Francisco Carlos Eduardo Caio Pinto","idade":87,"altura":165,"peso":79,"situacao":"ACIMA DO PESO"},{"nome":"Yuri Leonardo Cavalcanti","idade":36,"altura":170,"peso":85,"situacao":"ACIMA DO PESO"},{"nome":"Hugo Bruno Bryan Cardoso","idade":52,"altura":175,"peso":90,"situacao":"ACIMA DO PESO"},{"nome":"Theo Lorenzo Nascimento","idade":89,"altura":180,"peso":99,"situacao":"ACIMA DO PESO"},{"nome":"Murilo Henry Pereira","idade":25,"altura":185,"peso":105,"situacao":"ACIMA DO PESO"},{"nome":"Pedro Henrique Francisco Gomes","idade":31,"altura":190,"peso":110,"situacao":"ACIMA DO PESO"},{"nome":"Davi Pedro Alexandre Pereira","idade":35,"altura":195,"peso":115,"situacao":"ACIMA DO PESO"},{"nome":"Augusto Ot\ufffdvio Pereira","idade":20,"altura":200,"peso":120,"situacao":"ACIMA DO PESO"},{"nome":"Nicolas Renato Bruno Barbosa","idade":82,"altura":150,"peso":65,"situacao":"ACIMA DO PESO"},{"nome":"Yuri Lorenzo Juan Rocha","idade":20,"altura":155,"peso":74,"situacao":"ACIMA DO PESO"},{"nome":"Filipe Kaique dos Santos","idade":48,"altura":160,"peso":78,"situacao":"ACIMA DO PESO"},{"nome":"Bryan Nathan Fernando Moura","idade":60,"altura":175,"peso":86,"situacao":"ACIMA DO PESO"},{"nome":"Donald Irvine","idade":63,"altura":180,"peso":91,"situacao":"ACIMA DO PESO"},{"nome":"Jamal Andrew","idade":27,"altura":185,"peso":105,"situacao":"ACIMA DO PESO"},{"nome":"Christopher Sherriff","idade":24,"altura":190,"peso":105,"situacao":"ACIMA DO PESO"},{"nome":"Troy K. Elston","idade":29,"altura":195,"peso":116,"situacao":"ACIMA DO PESO"},{"nome":"Mark G. Rogers","idade":19,"altura":200,"peso":116,"situacao":"ACIMA DO PESO"},{"nome":"George P. Behrends","idade":47,"altura":150,"peso":64,"situacao":"ACIMA DO PESO"},{"nome":"Douglas C. Fitzpatrick","idade":47,"altura":160,"peso":75,"situacao":"ACIMA DO PESO"},{"nome":"Sam D. Wilson","idade":54,"altura":170,"peso":86,"situacao":"ACIMA DO PESO"},{"nome":"Christopher L. Cloud","idade":40,"altura":180,"peso":94,"situacao":"ACIMA DO PESO"},{"nome":"Harry P. Smith","idade":55,"altura":190,"peso":110,"situacao":"ACIMA DO PESO"},{"nome":"Robert M. Macias","idade":36,"altura":200,"peso":120,"situacao":"ACIMA DO PESO"},{"nome":"Paul B. Bond","idade":25,"altura":162,"peso":75,"situacao":"ACIMA DO PESO"},{"nome":"Earl C. Garrett","idade":33,"altura":168,"peso":80,"situacao":"ACIMA DO PESO"},{"nome":"David L. Nelson","idade":18,"altura":172,"peso":89,"situacao":"ACIMA DO PESO"},{"nome":"John J. Luedtke","idade":31,"altura":198,"peso":115,"situacao":"ACIMA DO PESO"},{"nome":"Matthew R. Jude","idade":40,"altura":184,"peso":105,"situacao":"ACIMA DO PESO"},{"nome":"Michael J. Lewis","idade":20,"altura":165,"peso":78,"situacao":"ACIMA DO PESO"},{"nome":"Bruno Ben\ufffdcio Barros","idade":29,"altura":155,"peso":69,"situacao":"ACIMA DO PESO"},{"nome":"Nicolas Juan Fernando Fernandes","idade":63,"altura":176,"peso":88,"situacao":"ACIMA DO PESO"},{"nome":"Ryan Emanuel Almeida","idade":16,"altura":174,"peso":88,"situacao":"ACIMA DO PESO"},{"nome":"Antoine Marcheterre","idade":24,"altura":173,"peso":89,"situacao":"ACIMA DO PESO"},{"nome":"Beaufort Corbin","idade":40,"altura":194,"peso":110,"situacao":"ACIMA DO PESO"},{"nome":"David Dupont","idade":63,"altura":185,"peso":100,"situacao":"ACIMA DO PESO"},{"nome":"Terry N. Grant","idade":35,"altura":145,"peso":65,"situacao":"ACIMA DO PESO"},{"nome":"Beaufort Guay","idade":60,"altura":167,"peso":80,"situacao":"ACIMA DO PESO"},{"nome":"Agrican Chastain","idade":8,"altura":166,"peso":79,"situacao":"ACIMA DO PESO"},{"nome":"Jerrod C. Brownell","idade":44,"altura":173,"peso":90,"situacao":"ACIMA DO PESO"},{"nome":"Joseph Zotov","idade":40,"altura":189,"peso":105,"situacao":"ACIMA DO PESO"},{"nome":"Moses Gerasimov","idade":52,"altura":193,"peso":105,"situacao":"ACIMA DO PESO"},{"nome":"Maxim Lavrov","idade":31,"altura":177,"peso":94,"situacao":"ACIMA DO PESO"},{"nome":"Farid Lazarev","idade":18,"altura":192,"peso":110,"situacao":"ACIMA DO PESO"},{"nome":"Mathew C. Parker","idade":36,"altura":164,"peso":76,"situacao":"ACIMA DO PESO"},{"nome":"William D. Mills","idade":24,"altura":158,"peso":74,"situacao":"ACIMA DO PESO"},{"nome":"Maximilian Vagin","idade":18,"altura":150,"peso":75,"situacao":"OBESO"},{"nome":"Salamah Abdul-Hamid Hakimi","idade":29,"altura":155,"peso":80,"situacao":"OBESO"},{"nome":"Almahdi Mukhlis Kattan","idade":55,"altura":160,"peso":85,"situacao":"OBESO"},{"nome":"Akram Ubayy Cham","idade":41,"altura":165,"peso":86,"situacao":"OBESO"},{"nome":"Isra'il Fakhir Maalouf","idade":60,"altura":170,"peso":90,"situacao":"OBESO"},{"nome":"Nijad Masrur Touma","idade":40,"altura":175,"peso":99,"situacao":"OBESO"},{"nome":"Rabah Mukhtar Naser","idade":19,"altura":180,"peso":105,"situacao":"OBESO"},{"nome":"Ra'if Duqaq Srour","idade":35,"altura":185,"peso":110,"situacao":"OBESO"},{"nome":"Munif Yaman Sarkis","idade":16,"altura":190,"peso":115,"situacao":"OBESO"},{"nome":"Eligio Saavedra Beltr\ufffdn","idade":56,"altura":195,"peso":122,"situacao":"OBESO"},{"nome":"Germain Guerra Jasso","idade":25,"altura":200,"peso":130,"situacao":"OBESO"},{"nome":"Abo Echevarr\ufffda Cervantes","idade":25,"altura":150,"peso":80,"situacao":"OBESO"},{"nome":"Viviano Marrero Z\ufffd\ufffdiga","idade":30,"altura":155,"peso":90,"situacao":"OBESO"},{"nome":"Dalmiro Villase\ufffdor Fuentes","idade":40,"altura":160,"peso":95,"situacao":"OBESO"},{"nome":"Adelhard Beltr\ufffdn Solano","idade":24,"altura":175,"peso":100,"situacao":"OBESO"},{"nome":"Lisias Saenz Renter\ufffda","idade":33,"altura":180,"peso":110,"situacao":"OBESO"},{"nome":"Estanislao Caballero Villalpando","idade":46,"altura":185,"peso":130,"situacao":"OBESO"},{"nome":"Gerlac Ba\ufffduelos Zavala","idade":78,"altura":190,"peso":135,"situacao":"OBESO"},{"nome":"Danijel Jerkovi?","idade":29,"altura":195,"peso":135,"situacao":"OBESO"},{"nome":"Hugolino Villareal Samaniego","idade":36,"altura":200,"peso":140,"situacao":"OBESO"},{"nome":"Llanos Ba\ufffduelos Carrasquill","idade":42,"altura":150,"peso":75,"situacao":"OBESO"},{"nome":"Kristian Mati?","idade":52,"altura":160,"peso":88,"situacao":"OBESO"},{"nome":"Cannan Rold\ufffdn Jurado","idade":50,"altura":170,"peso":95,"situacao":"OBESO"},{"nome":"Eustacio Pedroza Pichardo","idade":55,"altura":180,"peso":140,"situacao":"OBESO"},{"nome":"Fawwaz Wahhab Handal","idade":15,"altura":190,"peso":160,"situacao":"OBESO"},{"nome":"Charles Oquendo Arg\ufffdello","idade":40,"altura":200,"peso":175,"situacao":"OBESO"},{"nome":"Bastien Banda Casas","idade":16,"altura":162,"peso":88,"situacao":"OBESO"},{"nome":"Florian Valadez Bueno","idade":52,"altura":168,"peso":96,"situacao":"OBESO"},{"nome":"Landolfo Lucio Dom\ufffdnquez","idade":50,"altura":172,"peso":100,"situacao":"OBESO"},{"nome":"Lukas Rinc\ufffdn Cordero","idade":67,"altura":198,"peso":123,"situacao":"OBESO"},{"nome":"Landerico Reynoso Soto","idade":30,"altura":184,"peso":115,"situacao":"OBESO"},{"nome":"Ferm\ufffdn Hern\ufffddez Salinas","idade":31,"altura":165,"peso":101,"situacao":"OBESO"},{"nome":"Yoonus Kameel Sarkis","idade":46,"altura":155,"peso":98,"situacao":"OBESO"},{"nome":"Omer Espinal Saenz","idade":24,"altura":176,"peso":98,"situacao":"OBESO"},{"nome":"Enric Lozano Garica","idade":60,"altura":174,"peso":104,"situacao":"OBESO"},{"nome":"Apolinar Rosario Reyna","idade":56,"altura":173,"peso":97,"situacao":"OBESO"},{"nome":"Jean Baca Banda","idade":36,"altura":194,"peso":126,"situacao":"OBESO"},{"nome":"Sereno Arg\ufffdello Zelaya","idade":14,"altura":185,"peso":136,"situacao":"OBESO"},{"nome":"Radimir Stojanovi?","idade":18,"altura":145,"peso":80,"situacao":"OBESO"},{"nome":"Waldemar Miranda Valenzuela","idade":29,"altura":167,"peso":92,"situacao":"OBESO"},{"nome":"Ant\ufffdn Cerda Montano","idade":50,"altura":166,"peso":97,"situacao":"OBESO"},{"nome":"Prudenciano Armas Ramos","idade":45,"altura":173,"peso":99,"situacao":"OBESO"},{"nome":"Agesislao Roybal Cort\ufffds","idade":30,"altura":189,"peso":134,"situacao":"OBESO"},{"nome":"Vitaliano Ju\ufffdrez Casillas","idade":18,"altura":193,"peso":130,"situacao":"OBESO"},{"nome":"Mederico Solorio Centeno","idade":40,"altura":177,"peso":110,"situacao":"OBESO"},{"nome":"Nelo Ch\ufffdvez Arana","idade":25,"altura":192,"peso":122,"situacao":"OBESO"},{"nome":"Diocles Quiroz Jaime","idade":18,"altura":164,"peso":116,"situacao":"OBESO"},{"nome":"Escipion Rend\ufffdn G\ufffdmez","idade":16,"altura":158,"peso":97,"situacao":"OBESO"},{"nome":"Octaviano Adame Amador","idade":19,"altura":194,"peso":155,"situacao":"OBESO"},{"nome":"Boris Cortez Comejo","idade":36,"altura":149,"peso":87,"situacao":"OBESO"},{"nome":"Cristhian Meza Sedillo","idade":36,"altura":150,"peso":44,"situacao":"ABAIXO DO PESO"},{"nome":"Martial Cort\ufffds Alaniz","idade":43,"altura":155,"peso":48,"situacao":"ABAIXO DO PESO"},{"nome":"Senan Fern\ufffdndez Pena","idade":46,"altura":160,"peso":52,"situacao":"ABAIXO DO PESO"},{"nome":"Abdul Quintero N\ufffd\ufffdez","idade":24,"altura":165,"peso":55,"situacao":"ABAIXO DO PESO"},{"nome":"Rancul Arriaga Alonzo","idade":63,"altura":170,"peso":56,"situacao":"ABAIXO DO PESO"},{"nome":"Jan Sch\ufffdfer","idade":29,"altura":175,"peso":58,"situacao":"ABAIXO DO PESO"},{"nome":"Alhueche Salinas Tamez","idade":56,"altura":180,"peso":62,"situacao":"ABAIXO DO PESO"},{"nome":"Sebastian Schultz","idade":32,"altura":185,"peso":68,"situacao":"ABAIXO DO PESO"},{"nome":"Kevin Weber","idade":30,"altura":190,"peso":72,"situacao":"ABAIXO DO PESO"},{"nome":"Ibrahim Santacruz Ruvalcaba","idade":50,"altura":195,"peso":76,"situacao":"ABAIXO DO PESO"},{"nome":"Philipp Frueh","idade":70,"altura":200,"peso":80,"situacao":"ABAIXO DO PESO"},{"nome":"Paul Jaeger","idade":13,"altura":150,"peso":40,"situacao":"ABAIXO DO PESO"},{"nome":"Matthias Wechsler","idade":77,"altura":155,"peso":46,"situacao":"ABAIXO DO PESO"},{"nome":"Gandolfo Benavidez Ulibarri","idade":40,"altura":160,"peso":48,"situacao":"ABAIXO DO PESO"},{"nome":"Luca Bachmeier","idade":24,"altura":175,"peso":51,"situacao":"ABAIXO DO PESO"},{"nome":"Max Jung","idade":70,"altura":180,"peso":56,"situacao":"ABAIXO DO PESO"},{"nome":"Dominik Hofmann","idade":36,"altura":185,"peso":60,"situacao":"ABAIXO DO PESO"},{"nome":"Patrick Freeh","idade":16,"altura":190,"peso":65,"situacao":"ABAIXO DO PESO"},{"nome":"Martin Wirtz","idade":46,"altura":195,"peso":65,"situacao":"ABAIXO DO PESO"},{"nome":"Lukas Kortig","idade":29,"altura":200,"peso":70,"situacao":"ABAIXO DO PESO"},{"nome":"Domiciano Cant\ufffd Baez","idade":77,"altura":150,"peso":41,"situacao":"ABAIXO DO PESO"},{"nome":"Steffen Nadel","idade":50,"altura":160,"peso":50,"situacao":"ABAIXO DO PESO"},{"nome":"Mike Holtzmann","idade":19,"altura":170,"peso":55,"situacao":"ABAIXO DO PESO"},{"nome":"Florian Kruger","idade":30,"altura":180,"peso":58,"situacao":"ABAIXO DO PESO"},{"nome":"Stephan Eberhardt","idade":56,"altura":190,"peso":67,"situacao":"ABAIXO DO PESO"},{"nome":"Ralf Pfeiffer","idade":42,"altura":200,"peso":68,"situacao":"ABAIXO DO PESO"},{"nome":"Mario Gaertner","idade":29,"altura":162,"peso":51,"situacao":"ABAIXO DO PESO"},{"nome":"Tom Dresdner","idade":40,"altura":168,"peso":56,"situacao":"ABAIXO DO PESO"},{"nome":"Marko Gerber","idade":32,"altura":172,"peso":48,"situacao":"ABAIXO DO PESO"},{"nome":"Markus Gottschalk","idade":24,"altura":198,"peso":66,"situacao":"ABAIXO DO PESO"},{"nome":"Tom Ostermann","idade":46,"altura":184,"peso":70,"situacao":"ABAIXO DO PESO"},{"nome":"Benjamin Werner","idade":16,"altura":165,"peso":46,"situacao":"ABAIXO DO PESO"},{"nome":"Martin Hertzog","idade":12,"altura":155,"peso":46,"situacao":"ABAIXO DO PESO"},{"nome":"Hayden Carr","idade":36,"altura":176,"peso":49,"situacao":"ABAIXO DO PESO"},{"nome":"Brandon Duncan","idade":14,"altura":174,"peso":59,"situacao":"ABAIXO DO PESO"},{"nome":"Robert Thalberg","idade":51,"altura":173,"peso":55,"situacao":"ABAIXO DO PESO"},{"nome":"Adam Fox","idade":14,"altura":194,"peso":64,"situacao":"ABAIXO DO PESO"},{"nome":"Christopher Hussain","idade":24,"altura":185,"peso":70,"situacao":"ABAIXO DO PESO"},{"nome":"Steffen Baumgartner","idade":16,"altura":145,"peso":39,"situacao":"ABAIXO DO PESO"},{"nome":"Declan Reed","idade":28,"altura":167,"peso":55,"situacao":"ABAIXO DO PESO"},{"nome":"Matthias Loewe","idade":42,"altura":166,"peso":54,"situacao":"ABAIXO DO PESO"},{"nome":"Corey Bradley","idade":36,"altura":173,"peso":60,"situacao":"ABAIXO DO PESO"},{"nome":"Ryan Cole","idade":56,"altura":189,"peso":65,"situacao":"ABAIXO DO PESO"},{"nome":"Kristian Hirsch","idade":28,"altura":193,"peso":71,"situacao":"ABAIXO DO PESO"},{"nome":"Torsten Muench","idade":45,"altura":177,"peso":62,"situacao":"ABAIXO DO PESO"},{"nome":"Klaus Lowe","idade":20,"altura":192,"peso":59,"situacao":"ABAIXO DO PESO"},{"nome":"Matthias Ritter","idade":42,"altura":164,"peso":46,"situacao":"ABAIXO DO PESO"},{"nome":"Thomas Eberhart","idade":90,"altura":158,"peso":40,"situacao":"ABAIXO DO PESO"},{"nome":"Dirk Holzman","idade":15,"altura":194,"peso":64,"situacao":"ABAIXO DO PESO"},{"nome":"Bernd Rothschild","idade":32,"altura":149,"peso":39,"situacao":"ABAIXO DO PESO"},{"nome":"Pedro Ruan","idade":21,"altura":170,"peso":69,"situacao":"PESO NORMAL"}]}